"","id","zip","total","Year","region","total_population","percent_white","percent_black","percent_asian","percent_hispanic","per_capita_income","median_rent","median_age"
"1","60601","60601",8,2010,"60601",9732,63,11,18,6,89136,1717,36.6
"2","60602","60602",4,2010,"60602",1463,62,2,22,12,66748,1487,32.4
"3","60603","60603",1,2010,"60603",882,61,4,30,5,73239,2001,26.1
"4","60604","60604",1,2010,"60604",415,80,0,16,3,135807,1614,54
"5","60605","60605",10,2010,"60605",24972,58,18,17,5,58338,1560,33.1
"6","60606","60606",2,2010,"60606",2789,75,2,13,9,83005,1855,30.9
"7","60607","60607",14,2010,"60607",25134,53,16,19,8,50222,1303,30.6
"8","60608","60608",33,2010,"60608",78794,15,16,10,58,16542,636,31.3
"9","60609","60609",43,2010,"60609",62773,17,28,4,49,14552,613,30.4
"10","60610","60610",17,2010,"60610",38740,68,17,7,6,71176,1203,34.3
"11","60611","60611",22,2010,"60611",29722,75,4,15,4,107019,1549,39.5
"12","60612","60612",29,2010,"60612",36052,20,61,4,14,21407,767,30.6
"13","60613","60613",8,2010,"60613",49536,76,6,6,10,55034,1066,31.5
"14","60614","60614",29,2010,"60614",68363,82,4,5,7,67585,1232,29.8
"15","60615","60615",20,2010,"60615",40745,25,60,7,5,32992,876,33.9
"16","60616","60616",20,2010,"60616",49491,24,24,39,11,28052,819,35.8
"17","60617","60617",37,2010,"60617",83435,7,54,0,37,18242,648,36.1
"18","60618","60618",37,2010,"60618",97413,44,2,4,47,31862,873,32.9
"19","60619","60619",56,2010,"60619",64922,1,97,0,1,19987,701,39.4
"20","60620","60620",84,2010,"60620",73253,1,97,0,1,16347,721,38.2
"21","60621","60621",46,2010,"60621",33608,1,96,0,1,11893,676,31.6
"22","60622","60622",28,2010,"60622",54272,59,8,3,28,43393,988,31.1
"23","60623","60623",65,2010,"60623",85158,2,34,0,63,11463,611,27.8
"24","60624","60624",58,2010,"60624",39283,2,95,0,2,11731,690,27.9
"25","60625","60625",19,2010,"60625",78966,42,4,14,38,29124,855,33.4
"26","60626","60626",18,2010,"60626",51061,42,25,7,23,24054,788,33
"27","60628","60628",54,2010,"60628",71710,2,94,0,3,17025,748,37.5
"28","60629","60629",47,2010,"60629",113833,9,23,1,67,14299,743,29.2
"29","60630","60630",17,2010,"60630",57886,59,1,11,27,26705,866,38.1
"30","60631","60631",3,2010,"60631",28899,84,1,2,12,35878,1022,43.7
"31","60632","60632",28,2010,"60632",90845,10,2,5,83,13596,672,29.3
"32","60633","60633",3,2010,"60633",13474,32,25,1,42,20668,749,36.6
"33","60634","60634",15,2010,"60634",72718,59,1,4,35,24269,849,38.9
"34","60636","60636",61,2010,"60636",39918,1,94,0,3,11897,686,32.2
"35","60637","60637",45,2010,"60637",48270,16,77,4,2,19746,753,30.7
"36","60638","60638",9,2010,"60638",56033,54,3,1,41,25850,802,37.2
"37","60639","60639",48,2010,"60639",91934,7,15,0,77,14310,771,30.3
"38","60640","60640",27,2010,"60640",64365,53,18,13,13,35414,802,37.2
"39","60641","60641",20,2010,"60641",70730,38,2,4,54,23168,779,35.3
"40","60642","60642",16,2010,"60642",18312,59,11,5,21,45788,1035,31.7
"41","60643","60643",29,2010,"60643",51836,23,72,0,3,28249,779,42.1
"42","60644","60644",56,2010,"60644",47631,2,94,0,3,13381,715,32.5
"43","60645","60645",16,2010,"60645",46913,44,16,15,22,25500,893,35
"44","60646","60646",4,2010,"60646",28314,76,1,10,12,40071,761,42.7
"45","60647","60647",42,2010,"60647",87146,38,6,3,52,30368,862,31.6
"46","60649","60649",47,2010,"60649",45444,2,94,0,2,20347,723,37.9
"47","60651","60651",48,2010,"60651",61150,3,63,0,33,14599,730,32.7
"48","60652","60652",9,2010,"60652",42517,16,48,0,35,23889,946,34.9
"49","60653","60653",36,2010,"60653",31086,4,91,1,2,22333,608,35.6
"50","60654","60654",11,2010,"60654",15885,73,5,10,9,101469,1772,32.8
"51","60655","60655",7,2010,"60655",28173,86,7,1,6,35689,867,37.6
"52","60656","60656",7,2010,"60656",27468,77,1,8,12,29771,958,41.1
"53","60657","60657",24,2010,"60657",68088,81,3,7,7,63820,1138,30.5
"54","60659","60659",11,2010,"60659",39657,40,5,32,20,21675,888,35.1
"55","60660","60660",13,2010,"60660",42060,51,15,13,18,30160,794,36.2
"56","60661","60661",3,2010,"60661",7436,64,6,22,6,76827,1555,31
"57","60707","60707",5,2010,"60707",42712,58,7,3,29,26405,810,39.1
"58","60827","60827",4,2010,"60827",28547,3,92,0,4,16567,720,31
"59","60601","60601",6,2011,"60601",9732,63,11,18,6,89136,1717,36.6
"60","60602","60602",8,2011,"60602",1463,62,2,22,12,66748,1487,32.4
"61","60603","60603",5,2011,"60603",882,61,4,30,5,73239,2001,26.1
"62","60604","60604",6,2011,"60604",415,80,0,16,3,135807,1614,54
"63","60605","60605",7,2011,"60605",24972,58,18,17,5,58338,1560,33.1
"64","60606","60606",6,2011,"60606",2789,75,2,13,9,83005,1855,30.9
"65","60607","60607",14,2011,"60607",25134,53,16,19,8,50222,1303,30.6
"66","60608","60608",29,2011,"60608",78794,15,16,10,58,16542,636,31.3
"67","60609","60609",54,2011,"60609",62773,17,28,4,49,14552,613,30.4
"68","60610","60610",14,2011,"60610",38740,68,17,7,6,71176,1203,34.3
"69","60611","60611",18,2011,"60611",29722,75,4,15,4,107019,1549,39.5
"70","60612","60612",33,2011,"60612",36052,20,61,4,14,21407,767,30.6
"71","60613","60613",11,2011,"60613",49536,76,6,6,10,55034,1066,31.5
"72","60614","60614",31,2011,"60614",68363,82,4,5,7,67585,1232,29.8
"73","60615","60615",21,2011,"60615",40745,25,60,7,5,32992,876,33.9
"74","60616","60616",29,2011,"60616",49491,24,24,39,11,28052,819,35.8
"75","60617","60617",56,2011,"60617",83435,7,54,0,37,18242,648,36.1
"76","60618","60618",29,2011,"60618",97413,44,2,4,47,31862,873,32.9
"77","60619","60619",53,2011,"60619",64922,1,97,0,1,19987,701,39.4
"78","60620","60620",50,2011,"60620",73253,1,97,0,1,16347,721,38.2
"79","60621","60621",36,2011,"60621",33608,1,96,0,1,11893,676,31.6
"80","60622","60622",19,2011,"60622",54272,59,8,3,28,43393,988,31.1
"81","60623","60623",51,2011,"60623",85158,2,34,0,63,11463,611,27.8
"82","60624","60624",68,2011,"60624",39283,2,95,0,2,11731,690,27.9
"83","60625","60625",18,2011,"60625",78966,42,4,14,38,29124,855,33.4
"84","60626","60626",13,2011,"60626",51061,42,25,7,23,24054,788,33
"85","60628","60628",62,2011,"60628",71710,2,94,0,3,17025,748,37.5
"86","60629","60629",55,2011,"60629",113833,9,23,1,67,14299,743,29.2
"87","60630","60630",13,2011,"60630",57886,59,1,11,27,26705,866,38.1
"88","60631","60631",2,2011,"60631",28899,84,1,2,12,35878,1022,43.7
"89","60632","60632",33,2011,"60632",90845,10,2,5,83,13596,672,29.3
"90","60633","60633",5,2011,"60633",13474,32,25,1,42,20668,749,36.6
"91","60634","60634",21,2011,"60634",72718,59,1,4,35,24269,849,38.9
"92","60636","60636",55,2011,"60636",39918,1,94,0,3,11897,686,32.2
"93","60637","60637",47,2011,"60637",48270,16,77,4,2,19746,753,30.7
"94","60638","60638",11,2011,"60638",56033,54,3,1,41,25850,802,37.2
"95","60639","60639",45,2011,"60639",91934,7,15,0,77,14310,771,30.3
"96","60640","60640",24,2011,"60640",64365,53,18,13,13,35414,802,37.2
"97","60641","60641",20,2011,"60641",70730,38,2,4,54,23168,779,35.3
"98","60642","60642",15,2011,"60642",18312,59,11,5,21,45788,1035,31.7
"99","60643","60643",32,2011,"60643",51836,23,72,0,3,28249,779,42.1
"100","60644","60644",52,2011,"60644",47631,2,94,0,3,13381,715,32.5
"101","60645","60645",8,2011,"60645",46913,44,16,15,22,25500,893,35
"102","60646","60646",1,2011,"60646",28314,76,1,10,12,40071,761,42.7
"103","60647","60647",29,2011,"60647",87146,38,6,3,52,30368,862,31.6
"104","60649","60649",49,2011,"60649",45444,2,94,0,2,20347,723,37.9
"105","60651","60651",65,2011,"60651",61150,3,63,0,33,14599,730,32.7
"106","60652","60652",13,2011,"60652",42517,16,48,0,35,23889,946,34.9
"107","60653","60653",27,2011,"60653",31086,4,91,1,2,22333,608,35.6
"108","60654","60654",12,2011,"60654",15885,73,5,10,9,101469,1772,32.8
"109","60655","60655",8,2011,"60655",28173,86,7,1,6,35689,867,37.6
"110","60656","60656",7,2011,"60656",27468,77,1,8,12,29771,958,41.1
"111","60657","60657",20,2011,"60657",68088,81,3,7,7,63820,1138,30.5
"112","60659","60659",8,2011,"60659",39657,40,5,32,20,21675,888,35.1
"113","60660","60660",9,2011,"60660",42060,51,15,13,18,30160,794,36.2
"114","60661","60661",1,2011,"60661",7436,64,6,22,6,76827,1555,31
"115","60707","60707",7,2011,"60707",42712,58,7,3,29,26405,810,39.1
"116","60827","60827",7,2011,"60827",28547,3,92,0,4,16567,720,31
"117","60601","60601",7,2014,"60601",9732,63,11,18,6,89136,1717,36.6
"118","60602","60602",5,2014,"60602",1463,62,2,22,12,66748,1487,32.4
"119","60603","60603",1,2014,"60603",882,61,4,30,5,73239,2001,26.1
"120","60604","60604",4,2014,"60604",415,80,0,16,3,135807,1614,54
"121","60605","60605",9,2014,"60605",24972,58,18,17,5,58338,1560,33.1
"122","60606","60606",1,2014,"60606",2789,75,2,13,9,83005,1855,30.9
"123","60607","60607",12,2014,"60607",25134,53,16,19,8,50222,1303,30.6
"124","60608","60608",20,2014,"60608",78794,15,16,10,58,16542,636,31.3
"125","60609","60609",41,2014,"60609",62773,17,28,4,49,14552,613,30.4
"126","60610","60610",9,2014,"60610",38740,68,17,7,6,71176,1203,34.3
"127","60611","60611",22,2014,"60611",29722,75,4,15,4,107019,1549,39.5
"128","60612","60612",35,2014,"60612",36052,20,61,4,14,21407,767,30.6
"129","60613","60613",12,2014,"60613",49536,76,6,6,10,55034,1066,31.5
"130","60614","60614",16,2014,"60614",68363,82,4,5,7,67585,1232,29.8
"131","60615","60615",14,2014,"60615",40745,25,60,7,5,32992,876,33.9
"132","60616","60616",14,2014,"60616",49491,24,24,39,11,28052,819,35.8
"133","60617","60617",37,2014,"60617",83435,7,54,0,37,18242,648,36.1
"134","60618","60618",21,2014,"60618",97413,44,2,4,47,31862,873,32.9
"135","60619","60619",43,2014,"60619",64922,1,97,0,1,19987,701,39.4
"136","60620","60620",47,2014,"60620",73253,1,97,0,1,16347,721,38.2
"137","60621","60621",29,2014,"60621",33608,1,96,0,1,11893,676,31.6
"138","60622","60622",31,2014,"60622",54272,59,8,3,28,43393,988,31.1
"139","60623","60623",47,2014,"60623",85158,2,34,0,63,11463,611,27.8
"140","60624","60624",44,2014,"60624",39283,2,95,0,2,11731,690,27.9
"141","60625","60625",19,2014,"60625",78966,42,4,14,38,29124,855,33.4
"142","60626","60626",17,2014,"60626",51061,42,25,7,23,24054,788,33
"143","60628","60628",44,2014,"60628",71710,2,94,0,3,17025,748,37.5
"144","60629","60629",40,2014,"60629",113833,9,23,1,67,14299,743,29.2
"145","60630","60630",6,2014,"60630",57886,59,1,11,27,26705,866,38.1
"146","60631","60631",3,2014,"60631",28899,84,1,2,12,35878,1022,43.7
"147","60632","60632",26,2014,"60632",90845,10,2,5,83,13596,672,29.3
"148","60634","60634",20,2014,"60634",72718,59,1,4,35,24269,849,38.9
"149","60636","60636",35,2014,"60636",39918,1,94,0,3,11897,686,32.2
"150","60637","60637",38,2014,"60637",48270,16,77,4,2,19746,753,30.7
"151","60638","60638",7,2014,"60638",56033,54,3,1,41,25850,802,37.2
"152","60639","60639",25,2014,"60639",91934,7,15,0,77,14310,771,30.3
"153","60640","60640",18,2014,"60640",64365,53,18,13,13,35414,802,37.2
"154","60641","60641",18,2014,"60641",70730,38,2,4,54,23168,779,35.3
"155","60642","60642",12,2014,"60642",18312,59,11,5,21,45788,1035,31.7
"156","60643","60643",18,2014,"60643",51836,23,72,0,3,28249,779,42.1
"157","60644","60644",48,2014,"60644",47631,2,94,0,3,13381,715,32.5
"158","60645","60645",5,2014,"60645",46913,44,16,15,22,25500,893,35
"159","60646","60646",1,2014,"60646",28314,76,1,10,12,40071,761,42.7
"160","60647","60647",19,2014,"60647",87146,38,6,3,52,30368,862,31.6
"161","60649","60649",36,2014,"60649",45444,2,94,0,2,20347,723,37.9
"162","60651","60651",35,2014,"60651",61150,3,63,0,33,14599,730,32.7
"163","60652","60652",8,2014,"60652",42517,16,48,0,35,23889,946,34.9
"164","60653","60653",13,2014,"60653",31086,4,91,1,2,22333,608,35.6
"165","60654","60654",9,2014,"60654",15885,73,5,10,9,101469,1772,32.8
"166","60655","60655",4,2014,"60655",28173,86,7,1,6,35689,867,37.6
"167","60656","60656",3,2014,"60656",27468,77,1,8,12,29771,958,41.1
"168","60657","60657",24,2014,"60657",68088,81,3,7,7,63820,1138,30.5
"169","60659","60659",3,2014,"60659",39657,40,5,32,20,21675,888,35.1
"170","60660","60660",7,2014,"60660",42060,51,15,13,18,30160,794,36.2
"171","60661","60661",3,2014,"60661",7436,64,6,22,6,76827,1555,31
"172","60707","60707",4,2014,"60707",42712,58,7,3,29,26405,810,39.1
"173","60827","60827",1,2014,"60827",28547,3,92,0,4,16567,720,31
"174","60601","60601",7,2016,"60601",9732,63,11,18,6,89136,1717,36.6
"175","60602","60602",8,2016,"60602",1463,62,2,22,12,66748,1487,32.4
"176","60603","60603",9,2016,"60603",882,61,4,30,5,73239,2001,26.1
"177","60604","60604",1,2016,"60604",415,80,0,16,3,135807,1614,54
"178","60605","60605",10,2016,"60605",24972,58,18,17,5,58338,1560,33.1
"179","60606","60606",3,2016,"60606",2789,75,2,13,9,83005,1855,30.9
"180","60607","60607",13,2016,"60607",25134,53,16,19,8,50222,1303,30.6
"181","60608","60608",28,2016,"60608",78794,15,16,10,58,16542,636,31.3
"182","60609","60609",29,2016,"60609",62773,17,28,4,49,14552,613,30.4
"183","60610","60610",13,2016,"60610",38740,68,17,7,6,71176,1203,34.3
"184","60611","60611",14,2016,"60611",29722,75,4,15,4,107019,1549,39.5
"185","60612","60612",24,2016,"60612",36052,20,61,4,14,21407,767,30.6
"186","60613","60613",11,2016,"60613",49536,76,6,6,10,55034,1066,31.5
"187","60614","60614",18,2016,"60614",68363,82,4,5,7,67585,1232,29.8
"188","60615","60615",10,2016,"60615",40745,25,60,7,5,32992,876,33.9
"189","60616","60616",14,2016,"60616",49491,24,24,39,11,28052,819,35.8
"190","60617","60617",41,2016,"60617",83435,7,54,0,37,18242,648,36.1
"191","60618","60618",24,2016,"60618",97413,44,2,4,47,31862,873,32.9
"192","60619","60619",46,2016,"60619",64922,1,97,0,1,19987,701,39.4
"193","60620","60620",61,2016,"60620",73253,1,97,0,1,16347,721,38.2
"194","60621","60621",32,2016,"60621",33608,1,96,0,1,11893,676,31.6
"195","60622","60622",20,2016,"60622",54272,59,8,3,28,43393,988,31.1
"196","60623","60623",35,2016,"60623",85158,2,34,0,63,11463,611,27.8
"197","60624","60624",40,2016,"60624",39283,2,95,0,2,11731,690,27.9
"198","60625","60625",13,2016,"60625",78966,42,4,14,38,29124,855,33.4
"199","60626","60626",8,2016,"60626",51061,42,25,7,23,24054,788,33
"200","60628","60628",51,2016,"60628",71710,2,94,0,3,17025,748,37.5
"201","60629","60629",42,2016,"60629",113833,9,23,1,67,14299,743,29.2
"202","60630","60630",10,2016,"60630",57886,59,1,11,27,26705,866,38.1
"203","60631","60631",2,2016,"60631",28899,84,1,2,12,35878,1022,43.7
"204","60632","60632",22,2016,"60632",90845,10,2,5,83,13596,672,29.3
"205","60633","60633",1,2016,"60633",13474,32,25,1,42,20668,749,36.6
"206","60634","60634",15,2016,"60634",72718,59,1,4,35,24269,849,38.9
"207","60636","60636",28,2016,"60636",39918,1,94,0,3,11897,686,32.2
"208","60637","60637",23,2016,"60637",48270,16,77,4,2,19746,753,30.7
"209","60638","60638",8,2016,"60638",56033,54,3,1,41,25850,802,37.2
"210","60639","60639",26,2016,"60639",91934,7,15,0,77,14310,771,30.3
"211","60640","60640",25,2016,"60640",64365,53,18,13,13,35414,802,37.2
"212","60641","60641",19,2016,"60641",70730,38,2,4,54,23168,779,35.3
"213","60642","60642",13,2016,"60642",18312,59,11,5,21,45788,1035,31.7
"214","60643","60643",17,2016,"60643",51836,23,72,0,3,28249,779,42.1
"215","60644","60644",50,2016,"60644",47631,2,94,0,3,13381,715,32.5
"216","60645","60645",7,2016,"60645",46913,44,16,15,22,25500,893,35
"217","60646","60646",1,2016,"60646",28314,76,1,10,12,40071,761,42.7
"218","60647","60647",27,2016,"60647",87146,38,6,3,52,30368,862,31.6
"219","60649","60649",30,2016,"60649",45444,2,94,0,2,20347,723,37.9
"220","60651","60651",33,2016,"60651",61150,3,63,0,33,14599,730,32.7
"221","60652","60652",8,2016,"60652",42517,16,48,0,35,23889,946,34.9
"222","60653","60653",20,2016,"60653",31086,4,91,1,2,22333,608,35.6
"223","60654","60654",13,2016,"60654",15885,73,5,10,9,101469,1772,32.8
"224","60655","60655",1,2016,"60655",28173,86,7,1,6,35689,867,37.6
"225","60656","60656",5,2016,"60656",27468,77,1,8,12,29771,958,41.1
"226","60657","60657",18,2016,"60657",68088,81,3,7,7,63820,1138,30.5
"227","60659","60659",7,2016,"60659",39657,40,5,32,20,21675,888,35.1
"228","60660","60660",12,2016,"60660",42060,51,15,13,18,30160,794,36.2
"229","60661","60661",7,2016,"60661",7436,64,6,22,6,76827,1555,31
"230","60707","60707",4,2016,"60707",42712,58,7,3,29,26405,810,39.1
"231","60827","60827",5,2016,"60827",28547,3,92,0,4,16567,720,31
"232","60601","60601",6,2015,"60601",9732,63,11,18,6,89136,1717,36.6
"233","60602","60602",10,2015,"60602",1463,62,2,22,12,66748,1487,32.4
"234","60603","60603",2,2015,"60603",882,61,4,30,5,73239,2001,26.1
"235","60604","60604",3,2015,"60604",415,80,0,16,3,135807,1614,54
"236","60605","60605",10,2015,"60605",24972,58,18,17,5,58338,1560,33.1
"237","60606","60606",4,2015,"60606",2789,75,2,13,9,83005,1855,30.9
"238","60607","60607",12,2015,"60607",25134,53,16,19,8,50222,1303,30.6
"239","60608","60608",21,2015,"60608",78794,15,16,10,58,16542,636,31.3
"240","60609","60609",28,2015,"60609",62773,17,28,4,49,14552,613,30.4
"241","60610","60610",16,2015,"60610",38740,68,17,7,6,71176,1203,34.3
"242","60611","60611",19,2015,"60611",29722,75,4,15,4,107019,1549,39.5
"243","60612","60612",28,2015,"60612",36052,20,61,4,14,21407,767,30.6
"244","60613","60613",8,2015,"60613",49536,76,6,6,10,55034,1066,31.5
"245","60614","60614",15,2015,"60614",68363,82,4,5,7,67585,1232,29.8
"246","60615","60615",7,2015,"60615",40745,25,60,7,5,32992,876,33.9
"247","60616","60616",10,2015,"60616",49491,24,24,39,11,28052,819,35.8
"248","60617","60617",43,2015,"60617",83435,7,54,0,37,18242,648,36.1
"249","60618","60618",18,2015,"60618",97413,44,2,4,47,31862,873,32.9
"250","60619","60619",33,2015,"60619",64922,1,97,0,1,19987,701,39.4
"251","60620","60620",46,2015,"60620",73253,1,97,0,1,16347,721,38.2
"252","60621","60621",54,2015,"60621",33608,1,96,0,1,11893,676,31.6
"253","60622","60622",20,2015,"60622",54272,59,8,3,28,43393,988,31.1
"254","60623","60623",44,2015,"60623",85158,2,34,0,63,11463,611,27.8
"255","60624","60624",51,2015,"60624",39283,2,95,0,2,11731,690,27.9
"256","60625","60625",17,2015,"60625",78966,42,4,14,38,29124,855,33.4
"257","60626","60626",14,2015,"60626",51061,42,25,7,23,24054,788,33
"258","60628","60628",53,2015,"60628",71710,2,94,0,3,17025,748,37.5
"259","60629","60629",28,2015,"60629",113833,9,23,1,67,14299,743,29.2
"260","60630","60630",14,2015,"60630",57886,59,1,11,27,26705,866,38.1
"261","60631","60631",5,2015,"60631",28899,84,1,2,12,35878,1022,43.7
"262","60632","60632",26,2015,"60632",90845,10,2,5,83,13596,672,29.3
"263","60633","60633",1,2015,"60633",13474,32,25,1,42,20668,749,36.6
"264","60634","60634",15,2015,"60634",72718,59,1,4,35,24269,849,38.9
"265","60636","60636",39,2015,"60636",39918,1,94,0,3,11897,686,32.2
"266","60637","60637",37,2015,"60637",48270,16,77,4,2,19746,753,30.7
"267","60638","60638",5,2015,"60638",56033,54,3,1,41,25850,802,37.2
"268","60639","60639",32,2015,"60639",91934,7,15,0,77,14310,771,30.3
"269","60640","60640",17,2015,"60640",64365,53,18,13,13,35414,802,37.2
"270","60641","60641",19,2015,"60641",70730,38,2,4,54,23168,779,35.3
"271","60642","60642",9,2015,"60642",18312,59,11,5,21,45788,1035,31.7
"272","60643","60643",19,2015,"60643",51836,23,72,0,3,28249,779,42.1
"273","60644","60644",47,2015,"60644",47631,2,94,0,3,13381,715,32.5
"274","60645","60645",7,2015,"60645",46913,44,16,15,22,25500,893,35
"275","60646","60646",1,2015,"60646",28314,76,1,10,12,40071,761,42.7
"276","60647","60647",26,2015,"60647",87146,38,6,3,52,30368,862,31.6
"277","60649","60649",37,2015,"60649",45444,2,94,0,2,20347,723,37.9
"278","60651","60651",47,2015,"60651",61150,3,63,0,33,14599,730,32.7
"279","60652","60652",7,2015,"60652",42517,16,48,0,35,23889,946,34.9
"280","60653","60653",19,2015,"60653",31086,4,91,1,2,22333,608,35.6
"281","60654","60654",12,2015,"60654",15885,73,5,10,9,101469,1772,32.8
"282","60655","60655",5,2015,"60655",28173,86,7,1,6,35689,867,37.6
"283","60656","60656",2,2015,"60656",27468,77,1,8,12,29771,958,41.1
"284","60657","60657",16,2015,"60657",68088,81,3,7,7,63820,1138,30.5
"285","60659","60659",14,2015,"60659",39657,40,5,32,20,21675,888,35.1
"286","60660","60660",5,2015,"60660",42060,51,15,13,18,30160,794,36.2
"287","60661","60661",7,2015,"60661",7436,64,6,22,6,76827,1555,31
"288","60707","60707",3,2015,"60707",42712,58,7,3,29,26405,810,39.1
"289","60827","60827",4,2015,"60827",28547,3,92,0,4,16567,720,31
"290","60601","60601",8,2013,"60601",9732,63,11,18,6,89136,1717,36.6
"291","60602","60602",4,2013,"60602",1463,62,2,22,12,66748,1487,32.4
"292","60603","60603",2,2013,"60603",882,61,4,30,5,73239,2001,26.1
"293","60604","60604",1,2013,"60604",415,80,0,16,3,135807,1614,54
"294","60605","60605",6,2013,"60605",24972,58,18,17,5,58338,1560,33.1
"295","60606","60606",3,2013,"60606",2789,75,2,13,9,83005,1855,30.9
"296","60607","60607",11,2013,"60607",25134,53,16,19,8,50222,1303,30.6
"297","60608","60608",20,2013,"60608",78794,15,16,10,58,16542,636,31.3
"298","60609","60609",30,2013,"60609",62773,17,28,4,49,14552,613,30.4
"299","60610","60610",7,2013,"60610",38740,68,17,7,6,71176,1203,34.3
"300","60611","60611",13,2013,"60611",29722,75,4,15,4,107019,1549,39.5
"301","60612","60612",25,2013,"60612",36052,20,61,4,14,21407,767,30.6
"302","60613","60613",10,2013,"60613",49536,76,6,6,10,55034,1066,31.5
"303","60614","60614",8,2013,"60614",68363,82,4,5,7,67585,1232,29.8
"304","60615","60615",25,2013,"60615",40745,25,60,7,5,32992,876,33.9
"305","60616","60616",14,2013,"60616",49491,24,24,39,11,28052,819,35.8
"306","60617","60617",37,2013,"60617",83435,7,54,0,37,18242,648,36.1
"307","60618","60618",25,2013,"60618",97413,44,2,4,47,31862,873,32.9
"308","60619","60619",46,2013,"60619",64922,1,97,0,1,19987,701,39.4
"309","60620","60620",65,2013,"60620",73253,1,97,0,1,16347,721,38.2
"310","60621","60621",52,2013,"60621",33608,1,96,0,1,11893,676,31.6
"311","60622","60622",23,2013,"60622",54272,59,8,3,28,43393,988,31.1
"312","60623","60623",54,2013,"60623",85158,2,34,0,63,11463,611,27.8
"313","60624","60624",63,2013,"60624",39283,2,95,0,2,11731,690,27.9
"314","60625","60625",18,2013,"60625",78966,42,4,14,38,29124,855,33.4
"315","60626","60626",20,2013,"60626",51061,42,25,7,23,24054,788,33
"316","60628","60628",56,2013,"60628",71710,2,94,0,3,17025,748,37.5
"317","60629","60629",42,2013,"60629",113833,9,23,1,67,14299,743,29.2
"318","60630","60630",12,2013,"60630",57886,59,1,11,27,26705,866,38.1
"319","60631","60631",5,2013,"60631",28899,84,1,2,12,35878,1022,43.7
"320","60632","60632",26,2013,"60632",90845,10,2,5,83,13596,672,29.3
"321","60633","60633",3,2013,"60633",13474,32,25,1,42,20668,749,36.6
"322","60634","60634",19,2013,"60634",72718,59,1,4,35,24269,849,38.9
"323","60636","60636",30,2013,"60636",39918,1,94,0,3,11897,686,32.2
"324","60637","60637",47,2013,"60637",48270,16,77,4,2,19746,753,30.7
"325","60638","60638",15,2013,"60638",56033,54,3,1,41,25850,802,37.2
"326","60639","60639",31,2013,"60639",91934,7,15,0,77,14310,771,30.3
"327","60640","60640",26,2013,"60640",64365,53,18,13,13,35414,802,37.2
"328","60641","60641",23,2013,"60641",70730,38,2,4,54,23168,779,35.3
"329","60642","60642",9,2013,"60642",18312,59,11,5,21,45788,1035,31.7
"330","60643","60643",23,2013,"60643",51836,23,72,0,3,28249,779,42.1
"331","60644","60644",51,2013,"60644",47631,2,94,0,3,13381,715,32.5
"332","60645","60645",15,2013,"60645",46913,44,16,15,22,25500,893,35
"333","60646","60646",5,2013,"60646",28314,76,1,10,12,40071,761,42.7
"334","60647","60647",42,2013,"60647",87146,38,6,3,52,30368,862,31.6
"335","60649","60649",46,2013,"60649",45444,2,94,0,2,20347,723,37.9
"336","60651","60651",42,2013,"60651",61150,3,63,0,33,14599,730,32.7
"337","60652","60652",13,2013,"60652",42517,16,48,0,35,23889,946,34.9
"338","60653","60653",19,2013,"60653",31086,4,91,1,2,22333,608,35.6
"339","60654","60654",14,2013,"60654",15885,73,5,10,9,101469,1772,32.8
"340","60655","60655",1,2013,"60655",28173,86,7,1,6,35689,867,37.6
"341","60656","60656",1,2013,"60656",27468,77,1,8,12,29771,958,41.1
"342","60657","60657",13,2013,"60657",68088,81,3,7,7,63820,1138,30.5
"343","60659","60659",8,2013,"60659",39657,40,5,32,20,21675,888,35.1
"344","60660","60660",17,2013,"60660",42060,51,15,13,18,30160,794,36.2
"345","60661","60661",5,2013,"60661",7436,64,6,22,6,76827,1555,31
"346","60707","60707",4,2013,"60707",42712,58,7,3,29,26405,810,39.1
"347","60827","60827",5,2013,"60827",28547,3,92,0,4,16567,720,31
"348","60601","60601",11,2017,"60601",9732,63,11,18,6,89136,1717,36.6
"349","60602","60602",9,2017,"60602",1463,62,2,22,12,66748,1487,32.4
"350","60603","60603",4,2017,"60603",882,61,4,30,5,73239,2001,26.1
"351","60604","60604",3,2017,"60604",415,80,0,16,3,135807,1614,54
"352","60605","60605",8,2017,"60605",24972,58,18,17,5,58338,1560,33.1
"353","60606","60606",2,2017,"60606",2789,75,2,13,9,83005,1855,30.9
"354","60607","60607",9,2017,"60607",25134,53,16,19,8,50222,1303,30.6
"355","60608","60608",16,2017,"60608",78794,15,16,10,58,16542,636,31.3
"356","60609","60609",24,2017,"60609",62773,17,28,4,49,14552,613,30.4
"357","60610","60610",13,2017,"60610",38740,68,17,7,6,71176,1203,34.3
"358","60611","60611",15,2017,"60611",29722,75,4,15,4,107019,1549,39.5
"359","60612","60612",27,2017,"60612",36052,20,61,4,14,21407,767,30.6
"360","60613","60613",11,2017,"60613",49536,76,6,6,10,55034,1066,31.5
"361","60614","60614",23,2017,"60614",68363,82,4,5,7,67585,1232,29.8
"362","60615","60615",18,2017,"60615",40745,25,60,7,5,32992,876,33.9
"363","60616","60616",13,2017,"60616",49491,24,24,39,11,28052,819,35.8
"364","60617","60617",26,2017,"60617",83435,7,54,0,37,18242,648,36.1
"365","60618","60618",21,2017,"60618",97413,44,2,4,47,31862,873,32.9
"366","60619","60619",39,2017,"60619",64922,1,97,0,1,19987,701,39.4
"367","60620","60620",45,2017,"60620",73253,1,97,0,1,16347,721,38.2
"368","60621","60621",20,2017,"60621",33608,1,96,0,1,11893,676,31.6
"369","60622","60622",11,2017,"60622",54272,59,8,3,28,43393,988,31.1
"370","60623","60623",40,2017,"60623",85158,2,34,0,63,11463,611,27.8
"371","60624","60624",36,2017,"60624",39283,2,95,0,2,11731,690,27.9
"372","60625","60625",13,2017,"60625",78966,42,4,14,38,29124,855,33.4
"373","60626","60626",13,2017,"60626",51061,42,25,7,23,24054,788,33
"374","60628","60628",37,2017,"60628",71710,2,94,0,3,17025,748,37.5
"375","60629","60629",39,2017,"60629",113833,9,23,1,67,14299,743,29.2
"376","60630","60630",14,2017,"60630",57886,59,1,11,27,26705,866,38.1
"377","60631","60631",2,2017,"60631",28899,84,1,2,12,35878,1022,43.7
"378","60632","60632",12,2017,"60632",90845,10,2,5,83,13596,672,29.3
"379","60633","60633",2,2017,"60633",13474,32,25,1,42,20668,749,36.6
"380","60634","60634",3,2017,"60634",72718,59,1,4,35,24269,849,38.9
"381","60636","60636",20,2017,"60636",39918,1,94,0,3,11897,686,32.2
"382","60637","60637",26,2017,"60637",48270,16,77,4,2,19746,753,30.7
"383","60638","60638",6,2017,"60638",56033,54,3,1,41,25850,802,37.2
"384","60639","60639",21,2017,"60639",91934,7,15,0,77,14310,771,30.3
"385","60640","60640",18,2017,"60640",64365,53,18,13,13,35414,802,37.2
"386","60641","60641",12,2017,"60641",70730,38,2,4,54,23168,779,35.3
"387","60642","60642",4,2017,"60642",18312,59,11,5,21,45788,1035,31.7
"388","60643","60643",21,2017,"60643",51836,23,72,0,3,28249,779,42.1
"389","60644","60644",37,2017,"60644",47631,2,94,0,3,13381,715,32.5
"390","60645","60645",11,2017,"60645",46913,44,16,15,22,25500,893,35
"391","60646","60646",4,2017,"60646",28314,76,1,10,12,40071,761,42.7
"392","60647","60647",23,2017,"60647",87146,38,6,3,52,30368,862,31.6
"393","60649","60649",31,2017,"60649",45444,2,94,0,2,20347,723,37.9
"394","60651","60651",30,2017,"60651",61150,3,63,0,33,14599,730,32.7
"395","60652","60652",7,2017,"60652",42517,16,48,0,35,23889,946,34.9
"396","60653","60653",10,2017,"60653",31086,4,91,1,2,22333,608,35.6
"397","60654","60654",10,2017,"60654",15885,73,5,10,9,101469,1772,32.8
"398","60655","60655",7,2017,"60655",28173,86,7,1,6,35689,867,37.6
"399","60656","60656",3,2017,"60656",27468,77,1,8,12,29771,958,41.1
"400","60657","60657",15,2017,"60657",68088,81,3,7,7,63820,1138,30.5
"401","60659","60659",9,2017,"60659",39657,40,5,32,20,21675,888,35.1
"402","60660","60660",7,2017,"60660",42060,51,15,13,18,30160,794,36.2
"403","60661","60661",5,2017,"60661",7436,64,6,22,6,76827,1555,31
"404","60707","60707",1,2017,"60707",42712,58,7,3,29,26405,810,39.1
"405","60827","60827",2,2017,"60827",28547,3,92,0,4,16567,720,31
"406","60601","60601",5,2012,"60601",9732,63,11,18,6,89136,1717,36.6
"407","60602","60602",1,2012,"60602",1463,62,2,22,12,66748,1487,32.4
"408","60603","60603",3,2012,"60603",882,61,4,30,5,73239,2001,26.1
"409","60604","60604",3,2012,"60604",415,80,0,16,3,135807,1614,54
"410","60605","60605",13,2012,"60605",24972,58,18,17,5,58338,1560,33.1
"411","60606","60606",4,2012,"60606",2789,75,2,13,9,83005,1855,30.9
"412","60607","60607",15,2012,"60607",25134,53,16,19,8,50222,1303,30.6
"413","60608","60608",16,2012,"60608",78794,15,16,10,58,16542,636,31.3
"414","60609","60609",47,2012,"60609",62773,17,28,4,49,14552,613,30.4
"415","60610","60610",12,2012,"60610",38740,68,17,7,6,71176,1203,34.3
"416","60611","60611",23,2012,"60611",29722,75,4,15,4,107019,1549,39.5
"417","60612","60612",28,2012,"60612",36052,20,61,4,14,21407,767,30.6
"418","60613","60613",12,2012,"60613",49536,76,6,6,10,55034,1066,31.5
"419","60614","60614",27,2012,"60614",68363,82,4,5,7,67585,1232,29.8
"420","60615","60615",14,2012,"60615",40745,25,60,7,5,32992,876,33.9
"421","60616","60616",20,2012,"60616",49491,24,24,39,11,28052,819,35.8
"422","60617","60617",51,2012,"60617",83435,7,54,0,37,18242,648,36.1
"423","60618","60618",29,2012,"60618",97413,44,2,4,47,31862,873,32.9
"424","60619","60619",42,2012,"60619",64922,1,97,0,1,19987,701,39.4
"425","60620","60620",71,2012,"60620",73253,1,97,0,1,16347,721,38.2
"426","60621","60621",50,2012,"60621",33608,1,96,0,1,11893,676,31.6
"427","60622","60622",18,2012,"60622",54272,59,8,3,28,43393,988,31.1
"428","60623","60623",60,2012,"60623",85158,2,34,0,63,11463,611,27.8
"429","60624","60624",47,2012,"60624",39283,2,95,0,2,11731,690,27.9
"430","60625","60625",23,2012,"60625",78966,42,4,14,38,29124,855,33.4
"431","60626","60626",19,2012,"60626",51061,42,25,7,23,24054,788,33
"432","60628","60628",65,2012,"60628",71710,2,94,0,3,17025,748,37.5
"433","60629","60629",52,2012,"60629",113833,9,23,1,67,14299,743,29.2
"434","60630","60630",17,2012,"60630",57886,59,1,11,27,26705,866,38.1
"435","60631","60631",3,2012,"60631",28899,84,1,2,12,35878,1022,43.7
"436","60632","60632",24,2012,"60632",90845,10,2,5,83,13596,672,29.3
"437","60633","60633",2,2012,"60633",13474,32,25,1,42,20668,749,36.6
"438","60634","60634",9,2012,"60634",72718,59,1,4,35,24269,849,38.9
"439","60636","60636",55,2012,"60636",39918,1,94,0,3,11897,686,32.2
"440","60637","60637",43,2012,"60637",48270,16,77,4,2,19746,753,30.7
"441","60638","60638",14,2012,"60638",56033,54,3,1,41,25850,802,37.2
"442","60639","60639",31,2012,"60639",91934,7,15,0,77,14310,771,30.3
"443","60640","60640",19,2012,"60640",64365,53,18,13,13,35414,802,37.2
"444","60641","60641",34,2012,"60641",70730,38,2,4,54,23168,779,35.3
"445","60642","60642",5,2012,"60642",18312,59,11,5,21,45788,1035,31.7
"446","60643","60643",25,2012,"60643",51836,23,72,0,3,28249,779,42.1
"447","60644","60644",53,2012,"60644",47631,2,94,0,3,13381,715,32.5
"448","60645","60645",10,2012,"60645",46913,44,16,15,22,25500,893,35
"449","60646","60646",5,2012,"60646",28314,76,1,10,12,40071,761,42.7
"450","60647","60647",30,2012,"60647",87146,38,6,3,52,30368,862,31.6
"451","60649","60649",33,2012,"60649",45444,2,94,0,2,20347,723,37.9
"452","60651","60651",53,2012,"60651",61150,3,63,0,33,14599,730,32.7
"453","60652","60652",9,2012,"60652",42517,16,48,0,35,23889,946,34.9
"454","60653","60653",20,2012,"60653",31086,4,91,1,2,22333,608,35.6
"455","60654","60654",17,2012,"60654",15885,73,5,10,9,101469,1772,32.8
"456","60655","60655",6,2012,"60655",28173,86,7,1,6,35689,867,37.6
"457","60656","60656",3,2012,"60656",27468,77,1,8,12,29771,958,41.1
"458","60657","60657",20,2012,"60657",68088,81,3,7,7,63820,1138,30.5
"459","60659","60659",7,2012,"60659",39657,40,5,32,20,21675,888,35.1
"460","60660","60660",12,2012,"60660",42060,51,15,13,18,30160,794,36.2
"461","60661","60661",3,2012,"60661",7436,64,6,22,6,76827,1555,31
"462","60707","60707",4,2012,"60707",42712,58,7,3,29,26405,810,39.1
"463","60827","60827",4,2012,"60827",28547,3,92,0,4,16567,720,31
